Channel,Iteration 1,Iteration 2,Iteration 3,Iteration 4,Iteration 5,Iteration 6,Iteration 7,Iteration 8,Iteration 9,Iteration 10
1,-0.022703899984508155,-0.020956701887506375,-0.021731078274497915,-0.021422663197071062,-0.020957579233954988,-0.02200105313851739,-0.02019091834813631,-0.021353759116196438,-0.02194803981704347,-0.02125092752851709
2,-0.017730104817057377,-0.01565094955708359,-0.020768596450484723,-0.01674628041887541,-0.018321533343248257,-0.01658981088397811,-0.018733624527639832,-0.016219741335331626,-0.018732134190552398,-0.015585395412809552
3,-0.014209915494541175,-0.01597008087180285,-0.015591538343476121,-0.011690661392563858,-0.014195273147080682,-0.010510841583024594,-0.01447208861717994,-0.01120986847323066,-0.013770976132056467,-0.014482242536266695
4,-0.006610614420272543,-0.006144646748468183,-0.0072925444313888255,-0.009303297630345597,-0.010163110713241769,-0.005644221068295777,-0.006364785765974358,-0.005967134173513106,-0.006504102119047924,-0.005150672636367105
5,-0.0017473884631908632,-0.005488205601183287,-0.004251490371592101,-0.005175976799732945,-0.0027668314947478026,-0.004189599448079381,-0.004682244569275122,-0.002435576992741398,-0.0029296413700825863,0.0004474480378511697
6,0.005733446207333813,0.005090478746968975,0.004367511224553956,0.0021233884332968675,0.003158520850773283,0.005480405786467718,0.003990249190628445,0.008106331724502862,0.005533456514133048,0.0023455994872468022
7,0.00396201859994845,0.005015281353362391,0.004153421107473576,0.0022409239317336682,0.0019682594645559354,0.003319405828055011,0.0009810674233257793,0.001308519499786373,0.001610304439115584,0.0022982053607939756
8,-0.024823626070842892,-0.024357020739553127,-0.022448759432212313,-0.02437960640878845,-0.02419248514922175,-0.025082656904136826,-0.02348435496217006,-0.024033904163141988,-0.02285046308095479,-0.022731452488950303
