Channel,Iteration 1,Iteration 2,Iteration 3,Iteration 4,Iteration 5,Iteration 6,Iteration 7,Iteration 8,Iteration 9,Iteration 10
1,0.0034323354857067824,0.004997481225964862,0.003398236823574565,0.004134153618684825,0.004307997736094898,0.004131529904121518,0.005085338516898784,0.002683725077379319,0.0033711793445471688,0.004139273097650989
2,0.007108918279772147,0.00882581401028819,0.005939487043975658,0.008290164721471312,0.008215072593774644,0.008247913352874605,0.008513636630107116,0.008840130126154682,0.006095008467896106,0.007779617009635406
3,0.010051686535966185,0.010715564181327117,0.011277022181081498,0.013490003412468348,0.011526854416303313,0.014194736204838822,0.013847294459326283,0.012767909672922835,0.011555488472597839,0.01004775713786534
4,0.01847806491952774,0.016469627596628608,0.0188627122180791,0.014780321098161282,0.011787901229874807,0.014834405321467375,0.017400531582348416,0.020085465522442707,0.01648679767361094,0.019181696362173394
5,0.027678257800308918,0.023802497499717926,0.02108934681178254,0.027785029803237493,0.023038600669236818,0.02470690368815294,0.024409693054176666,0.027887570083178326,0.024620517512281847,0.03148273757443633
6,0.033749389735345255,0.03612028452227652,0.03565771127431963,0.0373189206740977,0.033911489135467474,0.03599017739655882,0.034041790911722325,0.03689495618253682,0.03655151390650604,0.03182163718483273
7,0.03647131797395975,0.03700142412799219,0.036484804348571646,0.03312233337078286,0.0379092656037445,0.034856704702095904,0.03169112983716463,0.03530143544271432,0.03030255384656693,0.03403038234879194
8,0.016576387248594095,0.015144948537434554,0.013076753076229707,0.016597189737253576,0.012506162568954968,0.011658270744538495,0.012057521589628813,0.01193194877442659,0.015422563146405853,0.01752834911760505
